"timestamp_utc","elapsed_ms","pid","start_time_utc","root_pid","working_set_bytes","private_bytes","lifetime_peak_working_set_bytes"
"2026-10-03T12:42:11.2566399Z","390,2984","35028","2026-10-03T12:42:10.8290282Z","35028","4382720","888832","4464640"
"2026-10-03T12:42:11.2730837Z","402,9802","9972","2026-10-03T12:42:10.8455756Z","35028","10498048","1880064","10498048"
"2026-10-03T12:42:11.2770977Z","406,9121","4460","2026-10-03T12:42:10.8806668Z","35028","42364928","37756928","42364928"
"2026-10-03T12:42:11.5628165Z","692,695","35028","2026-10-03T12:42:10.8290282Z","35028","4382720","888832","4464640"
"2026-10-03T12:42:11.5668230Z","696,9249","9972","2026-10-03T12:42:10.8455756Z","35028","10498048","1880064","10498048"
"2026-10-03T12:42:11.5708161Z","700,4553","4460","2026-10-03T12:42:10.8806668Z","35028","42364928","37756928","42364928"
"2026-10-03T12:42:11.8724461Z","1002,2369","35028","2026-10-03T12:42:10.8290282Z","35028","4382720","888832","4464640"
"2026-10-03T12:42:11.8764524Z","1006,1852","9972","2026-10-03T12:42:10.8455756Z","35028","10498048","1880064","10498048"
"2026-10-03T12:42:11.8791249Z","1009,376","4460","2026-10-03T12:42:10.8806668Z","35028","42364928","37756928","42364928"
"2026-10-03T12:42:12.1607079Z","1290,9913","35028","2026-10-03T12:42:10.8290282Z","35028","4382720","888832","4464640"
"2026-10-03T12:42:12.1647041Z","1294,557","9972","2026-10-03T12:42:10.8455756Z","35028","10498048","1880064","10498048"
"2026-10-03T12:42:12.1677037Z","1297,7079","4460","2026-10-03T12:42:10.8806668Z","35028","42364928","37756928","42364928"
"2026-10-03T12:42:12.4569834Z","1587,357","35028","2026-10-03T12:42:10.8290282Z","35028","4382720","888832","4464640"
"2026-10-03T12:42:12.4609858Z","1591,2356","9972","2026-10-03T12:42:10.8455756Z","35028","10498048","1880064","10498048"
"2026-10-03T12:42:12.4639836Z","1594,4778","4460","2026-10-03T12:42:10.8806668Z","35028","42364928","37756928","42364928"
"2026-10-03T12:42:12.7574442Z","1887,6858","35028","2026-10-03T12:42:10.8290282Z","35028","4382720","888832","4464640"
"2026-10-03T12:42:12.7610483Z","1891,3358","9972","2026-10-03T12:42:10.8455756Z","35028","10498048","1880064","10498048"
"2026-10-03T12:42:12.7640581Z","1894,388","4460","2026-10-03T12:42:10.8806668Z","35028","42364928","37756928","42364928"
"2026-10-03T12:42:13.0395780Z","2169,5556","35028","2026-10-03T12:42:10.8290282Z","35028","4382720","888832","4464640"
"2026-10-03T12:42:13.0435931Z","2173,2427","9972","2026-10-03T12:42:10.8455756Z","35028","10498048","1880064","10498048"
"2026-10-03T12:42:13.0465781Z","2176,4148","4460","2026-10-03T12:42:10.8806668Z","35028","42364928","37756928","42364928"
